{
	"class_name" : "PinholeCameraParameters",
	"extrinsic" : 
	[
		0.055818688682045953,
		0.3256307885967305,
		-0.94384790274264441,
		0.0,
		0.99837417085167346,
		-0.029134310154610082,
		0.0489919069648092,
		0.0,
		-0.01154508423747398,
		-0.94504803131358694,
		-0.32672760755752372,
		0.0,
		-0.080470977073957145,
		12.2214014196561,
		23.894336646984755,
		1.0
	],
	"intrinsic" : 
	{
		"height" : 600,
		"intrinsic_matrix" : 
		[
			519.6152422706632,
			0.0,
			0.0,
			0.0,
			519.6152422706632,
			0.0,
			299.5,
			299.5,
			1.0
		],
		"width" : 600
	},
	"version_major" : 1,
	"version_minor" : 0
}